ElementoDespesa;SubelementoDespesa;registros;total_pago;incluir
JUROS SOBRE A DÍVIDA POR CONTRATO;JUROS SOBRE FINANCIAMENTOS - INTERNOS;359;191464087,01;N
JUROS SOBRE A DÍVIDA POR CONTRATO;JUROS SOBRE FINANCIAMENTOS - EXTERNOS;75;107021542,99000001;N
SUBVENÇÕES ECONÔMICAS;TRANSFERÊNCIAS A INSTITUIÇÕES PRIVADAS COM FINS LUCRATIVOS - SUBVENÇÕES ECONÔMICAS - EQUALIZAÇÃO DE JUROS;115;61967362,83;S
JUROS SOBRE A DÍVIDA POR CONTRATO;JUROS SOBRE FINANCIAMENTOS - PROGRAMA DE APOIO À REESTRUTURAÇÃO E AO AJUSTE FISCAL DOS ESTADOS;32;55889795,1;N
DESPESAS DE EXERCÍCIOS ANTERIORES;JUROS DE MORA SOBRE FOLHA DE PAGAMENTO - ATIVO CIVIL - RPPS;951;20104543,69;S
OBRIGAÇÕES TRIBUTÁRIAS E CONTRIBUTIVAS;JUROS SOBRE PARCELAMENTO - PASEP;43;12644225,99;S
OBRIGAÇÕES TRIBUTÁRIAS E CONTRIBUTIVAS;PARCELAMENTO DE PASEP - JUROS;48;11516781,469999999;S
OUTROS ENCARGOS SOBRE A DÍVIDA POR CONTRATO;ENCARGOS SOBRE FINANCIAMENTOS - EXTERNOS - COMISSÕES BANCÁRIAS;41;4757749,18;N
OUTROS ENCARGOS SOBRE A DÍVIDA POR CONTRATO;ENCARGOS SOBRE FINANCIAMENTOS - EXTERNOS - TAXAS;17;3305314,09;N
OUTROS ENCARGOS SOBRE A DÍVIDA POR CONTRATO;ENCARGOS SOBRE FINANCIAMENTOS - INTERNOS - COMISSÕES BANCÁRIAS;4;3074400,0;N
VENCIMENTOS E VANTAGENS FIXAS - PESSOAL CIVIL;GRATIFICAÇÃO PARA ENCARGOS DE CURSO E CONCURSO - RPPS;80;3011065,58;S
ENCARGOS PELA HONRA DE AVAIS, GARANTIAS, SEGUROS E SIMILARES;FUNDO GARANTIR - GARANTIAS E AVAIS A EMPRESTIMOS CONCEDIDOS A MICROEMPREENDEDORES;22;823289,54;S
OUTROS ENCARGOS SOBRE A DÍVIDA POR CONTRATO;ENCARGOS SOBRE FINANCIAMENTOS - PROGRAMA DE APOIO À REESTRUTURAÇÃO E AO AJUSTE FISCAL DOS ESTADOS;63;608380,79;N
OUTRAS DESPESAS VARIÁVEIS - PESSOAL CIVIL;GRATIFICAÇÃO PARA ENCARGOS DE SELEÇÃO, APERFEIÇOAMENTO PESSOAL - RPPS;165;222807,16;S
OBRIGAÇÕES TRIBUTÁRIAS E CONTRIBUTIVAS;MULTA PUNITIVA INCIDENTE SOBRE OBRIGAÇÕES TRIBUTÁRIAS E CONTRIBUTIVAS;123;204492,55;S
OUTRAS DESPESAS VARIÁVEIS - PESSOAL MILITAR;AUXÍLIO MORADIA - PESSOAL MILITAR;125;86625,1;S
DESPESAS DE EXERCÍCIOS ANTERIORES;JUROS DE MORA INCIDENTE SOBRE OBRIGAÇÕES TRIBUTÁRIAS E CONTRIBUTIVAS;119;73049,07999999999;S
OUTROS ENCARGOS SOBRE A DÍVIDA POR CONTRATO;ENCARGOS SOBRE FINANCIAMENTOS - INTERNOS - OUTROS ENCARGOS;126;69508,0;N
OUTRAS DESPESAS VARIÁVEIS - PESSOAL CIVIL;GRATIFICAÇÃO PARA ENCARGOS DE SELEÇÃO, APERFEIÇOAMENTO PESSOAL - RGPS;71;66122,31;S
INDENIZAÇÕES E RESTITUIÇÕES;INDENIZAÇÃO DE MORADIA - PESSOAL CIVIL;81;56801,14;S
OUTROS SERVIÇOS DE TERCEIROS - PESSOA JURÍDICA;MULTA PUNITIVA - PESSOA JURÍDICA;561;36680,83;S
OUTROS SERVIÇOS DE TERCEIROS - PESSOA JURÍDICA;MULTA MORATÓRIA SOBRE SERVIÇOS DE TERCEIROS - PESSOA JURÍDICA;214;34315,189999999995;S
OBRIGAÇÕES PATRONAIS;JUROS DE MORA - INSS PATRONAL;140;32399,19;N
OBRIGAÇÕES TRIBUTÁRIAS E CONTRIBUTIVAS;JUROS DE MORA INCIDENTE SOBRE OBRIGAÇÕES TRIBUTÁRIAS E CONTRIBUTIVAS;368;26535,59;S
OBRIGAÇÕES TRIBUTÁRIAS E CONTRIBUTIVAS;PARCELAMENTO DE INSS S/ SERVIÇO DE PJ - JUROS;27;23858,15;S
DESPESAS DE EXERCÍCIOS ANTERIORES;JUROS, MULTAS E CORREÇÃO MONETÁRIA - RGPS;23;22720,06;S
OUTROS SERVIÇOS DE TERCEIROS - PESSOA JURÍDICA;JUROS DE MORA SOBRE SERVIÇOS DE TERCEIROS - PESSOA JURÍDICA;215;20067,850000000002;S
INDENIZAÇÕES E RESTITUIÇÕES;RESTITUIÇÃO DE MULTAS DE TRÂNSITO;475;17991,22;S
OBRIGAÇÕES TRIBUTÁRIAS E CONTRIBUTIVAS;MULTA MORATÓRIA INCIDENTE SOBRE OBRIGAÇÕES TRIBUTÁRIAS E CONTRIBUTIVAS;409;9894,36;S
OBRIGAÇÕES TRIBUTÁRIAS E CONTRIBUTIVAS;JUROS SOBRE PARCELAMENTO DE INSS;21;5457,35;S
DESPESAS DE EXERCÍCIOS ANTERIORES;MULTA PUNITIVA INCIDENTE SOBRE OBRIGAÇÕES TRIBUTÁRIAS E CONTRIBUTIVAS;9;3406,45;S
DESPESAS DE EXERCÍCIOS ANTERIORES;MULTA MORATÓRIA - INSS PATRONAL;49;2594,77;N
DESPESAS DE EXERCÍCIOS ANTERIORES;MULTA MORATÓRIA - INSS PATRONAL - 13º SALÁRIO;125;2503,99;N
DESPESAS DE EXERCÍCIOS ANTERIORES;MULTA MORATÓRIA INCIDENTE SOBRE OBRIGAÇÕES TRIBUTÁRIAS E CONTRIBUTIVAS;73;2220,05;S
OBRIGAÇÕES PATRONAIS;MULTA MORATÓRIA - INSS PATRONAL - 13º SALÁRIO;74;2119,5;N
DESPESAS DE EXERCÍCIOS ANTERIORES;JUROS DE MORA - INSS PATRONAL;64;1897,28;N
DESPESAS DE EXERCÍCIOS ANTERIORES;GRATIFICAÇÃO PARA ENCARGOS DE CURSO E CONCURSO ? RPPS;8;1846,03;S
DESPESAS DE EXERCÍCIOS ANTERIORES;AUXÍLIO MORADIA - ATIVO MILITAR - RPPS;23;1611,13;S
OBRIGAÇÕES PATRONAIS;JUROS DE MORA - INSS PATRONAL - 13º SALÁRIO;117;1127,97;N
OBRIGAÇÕES PATRONAIS;MULTA MORATÓRIA - INSS PATRONAL;62;943,16;N
DESPESAS DE EXERCÍCIOS ANTERIORES;JUROS DE MORA - INSS PATRONAL - 13º SALÁRIO;132;719,14;N
OBRIGAÇÕES PATRONAIS;JUROS DE MORA - FGTS;15;643,9100000000001;N
DESPESAS DE EXERCÍCIOS ANTERIORES;JUROS DE MORA SOBRE SERVIÇOS DE TERCEIROS - PESSOA JURÍDICA;29;231,71;S
DESPESAS DE EXERCÍCIOS ANTERIORES;MULTA PUNITIVA - PESSOA JURÍDICA;8;208,26;S
INDENIZAÇÕES E RESTITUIÇÕES;MULTA MORATÓRIA INCIDENTE SOBRE INDENIZAÇÕES E RESTITUIÇÕES;1;149,55;S
DESPESAS DE EXERCÍCIOS ANTERIORES;JUROS DE MORA SOBRE A CONTRIBUIÇÃO PATRONAL - FUNDO FINANCEIRO;3;90,56;N
DESPESAS DE EXERCÍCIOS ANTERIORES;MULTA PUNITIVA INCIDENTE SOBRE INDENIZAÇÕES E RESTITUIÇÕES;1;89,4;S
CONTRATAÇÃO POR TEMPO DETERMINADO;MULTA MORATÓRIA - INSS PATRONAL;2;57,91;N
DESPESAS DE EXERCÍCIOS ANTERIORES;INDENIZAÇÃO DE MORADIA - PESSOAL MILITAR - EXERCÍCIO ANTERIOR;3;30,46;S
INDENIZAÇÕES E RESTITUIÇÕES;JUROS DE MORA INCIDENTE SOBRE INDENIZAÇÕES E RESTITUIÇÕES;5;28,76;S
DESPESAS DE EXERCÍCIOS ANTERIORES;MULTA MORATÓRIA SOBRE SERVIÇOS DE TERCEIROS - PESSOA JURÍDICA;18;7,609999999999999;S
OBRIGAÇÕES PATRONAIS;RESTITUIÇÃO DE CONTRIBUIÇÃO PREVIDENCIÁRIA DECORRENTE DE CESSÃO DE SERVIDOR SEM ÔNUS PARA O ESTADO - MULTAS E JUROS DE MORA;66;5,290000000000003;N
DESPESAS DE EXERCÍCIOS ANTERIORES;INDENIZAÇÃO DE MORADIA - PESSOAL CIVIL;3;0,0;S
DESPESAS DE EXERCÍCIOS ANTERIORES;JUROS DE MORA INCIDENTE SOBRE INDENIZAÇÕES E RESTITUIÇÕES;2;0,0;S
DESPESAS DE EXERCÍCIOS ANTERIORES;JUROS DE MORA SOBRE FOLHA DE PAGAMENTO - INATIVO CIVIL - RPPS;1;0,0;S
DESPESAS DE EXERCÍCIOS ANTERIORES;MULTA MORATÓRIA SOBRE A CONTRIBUIÇÃO PATRONAL - FUNDO PREVIDENCIÁRIO;2;0,0;N
DESPESAS DE EXERCÍCIOS ANTERIORES;INDENIZAÇÕES TRABALHISTAS - MULTA RESCISÓRIA DO CONTRATO DE TRABALHO;1;0,0;S
CONTRATAÇÃO POR TEMPO DETERMINADO;JUROS DE MORA - INSS PATRONAL;5;0,0;N
CONTRIBUIÇÃO A ENTIDADES FECHADAS DE PREVIDÊNCIA;JUROS DE MORA;1;0,0;S
OBRIGAÇÕES PATRONAIS;MULTA PUNITIVA - INSS PATRONAL;3;0,0;N
OBRIGAÇÕES PATRONAIS;JUROS DE MORA SOBRE A CONTRIBUIÇÃO PATRONAL - FUNDO PREVIDENCIÁRIO;1;0,0;N
OBRIGAÇÕES PATRONAIS;JUROS DE MORA SOBRE A CONTRIBUIÇÃO PATRONAL - FUNDO FINANCEIRO;1;0,0;N
OUTROS SERVIÇOS DE TERCEIROS - PESSOA JURÍDICA;JUROS DE MORA SOBRE FORNECIMENTO DE BENS;2;0,0;S
